{
  "sr": 22050,
  "n_fft": 2048,
  "hop_length": 512,
  "n_mels": 128,
  "n_frames": 10816,
  "duration_s": 251.14122448979592,
  "frame_step_s": 0.023219954648526078
}