{
  "sr": 22050,
  "n_fft": 2048,
  "hop_length": 512,
  "n_mels": 128,
  "n_frames": 23515,
  "duration_s": 546.0114285714286,
  "frame_step_s": 0.023219954648526078
}