{
  "sr": 22050,
  "n_fft": 2048,
  "hop_length": 512,
  "n_mels": 128,
  "n_frames": 14024,
  "duration_s": 325.61632653061224,
  "frame_step_s": 0.023219954648526078
}